Atomic size difference,Atomic packing effect,Cohesion energy,Shear modulus,Lattice distortion energy,Difference in Shear modulus,Melting temperature,Entropy of mixing,Mixing enthalpy,Solid solution phase forming ability,Phase formation coefficient,VEC,Energy term,Local size mismatch in n-element alloys,Local modulus mismatch,Peierls-Nabarro stress coefficient,Work function,Local atomic distortion from one single atom,Local atomic distortion from a group of adjacent atoms,Pauling electronegativity,Allen electronegativity,Number of mobile electrons,formula,YS
0.022402896086215852,1.1701027007868408,348.29053390108095,301.56501801506715,1.924425651192446,1.1426806703609653,1524.4821192269899,9.703427372685265,-0.9552818859392995,15.485169082140823,19333.78259612071,9.223386832623648,-18.264075688692277,1.153977085036288,165.0059452993833,-652.4375813805444,4.691320013101867,0.015264201936510069,165.00719523403257,0.1675355938244081,0.002021804538138115,1.6061808057648215,Al0.053 Cu1 Mn1 Ni1,330.0
0.028685787364124936,1.169917079464852,347.8936033429766,296.42751526840254,2.436908811805773,1.1584421061520036,1513.4635711989717,10.088012632708608,-1.9267804818625054,7.924016134230812,12259.480515091333,9.107360977177757,-41.99354188896234,1.4229740881708721,163.9524355515797,-412.5905733654456,4.682160077145613,0.018175006433313344,163.95389609533038,0.16761941396324867,0.002320522595583781,1.6021504339440695,Al0.111 Cu1 Mn1 Ni1,515.0
0.05205384160744686,1.187491241854211,405.04545454545456,76.51363636363637,5.091575534321133,0.3190486359662594,1765.308181818182,15.54721513376999,-7.280991735537192,3.769490074569722,5737.821528373337,8.0,-99.26858597864543,2.6756198347107434,13.103925619834708,-37.4005737994185,4.757727272727274,0.03541996574346382,13.104848137190668,0.12737414790183682,0.006086357230441439,1.6745454545454546,Al0.25 Co1 Cr1 Cu0.75 Fe1 Ni1 Ti0.5,750.0
0.03715865386953275,1.1062010144295038,576.4117647058823,141.03529411764706,3.0382664046265013,0.9499926132754527,2353.7335294117647,12.707663913447359,-4.927335640138408,6.070309964258247,9203.346538723963,4.882352941176471,-43.13637971664502,2.823529411764706,65.84498269896193,-138.3874981185208,4.188235294117646,0.035388553393473986,65.84527506969387,0.2432166220872159,0.004002110019498809,1.6276470588235292,Al0.25 Mo1 Nb1 Ti1 V1,1250.0
,,623.0377358490566,228.56603773584908,,1.1230959740298598,2433.026603773585,14.431908651129232,-4.983980064079743,7.045216321087149,,4.320754716981132,,,128.47561409754363,,3.813207547169811,,,0.12038268161176621,,1.5220754716981135,Al0.3 Hf1 Nb1 Ta1 Ti1 Zr1,1188.0
0.04917949836710549,1.1690059586655366,397.7272727272728,66.61831046312179,4.292233511495485,0.2959927761656968,1579.2409605488851,12.261545287710602,-5.958972635183841,3.2495424536179884,5069.638792551249,8.71483704974271,-57.08307217508745,2.5705708334191457,9.605417375231326,-40.469978955326695,4.897272727272728,0.03414917382357943,9.607024603658289,0.10154509272254103,0.0032784988362111306,1.6614665523156091,Al0.333 Co0.333 Cu0.333 Fe0.333 Ni1,268.0
0.050196217170383604,1.2430899238604047,398.0,63.31875,4.127697683192107,0.33938849129213183,1569.203125,12.255308445321424,-11.734375,1.6388660077965185,4863.873452745564,8.625,-50.97420990509807,2.75390625,11.169921875,-40.48904748068702,4.871875,0.03283014236622484,11.170890287493863,0.09549010092674522,0.0027587050817026158,1.6368749999999999,Al0.4 Co1 Cu0.6 Ni1 Si0.2,588.0
0.05201294647922288,1.1687313554975265,392.66666666666663,65.05,4.428902392705828,0.3212309331083967,1554.3733333333332,12.975746340770252,-5.8888888888888875,3.424950694900335,4796.334167981711,8.5,-62.983372819256,2.888888888888889,10.586111111111112,-37.94217072983959,4.846666666666667,0.038095238095238,10.587770562770563,0.10645812948447535,0.0036006624270282887,1.6466666666666665,Al0.5 Co0.5 Cu0.5 Fe0.5 Ni1,544.0
0.057297394909558985,1.1870545399471932,404.6363636363636,75.49999999999999,5.526594181731099,0.3440391121916693,1746.0218181818184,15.74495536409992,-10.84297520661157,2.535377520300378,4795.917241797669,7.636363636363637,-127.80269109106065,3.1404958677685952,13.957024793388431,-33.3584133981839,4.746363636363637,0.043718657580043785,13.957854746513613,0.13087752144594847,0.0063582115063644945,1.670909090909091,Al0.5 Co1 Cr1 Cu0.5 Fe1 Ni1 Ti0.5,1580.0
0.04609097365551073,1.1697593766080534,373.66666666666663,240.28888888888886,4.691036874271981,1.238177882014127,1712.1633333333334,13.14521343892854,-9.28395061728395,2.4242645600756596,6187.7944280857155,7.222222222222222,-232.6426601998691,2.0246913580246915,131.97283950617282,-130.20129414788542,4.74,0.028875231684713606,131.97364159594184,0.1388044187577134,0.0027594991447813786,1.6788888888888889,Al0.5 Cr1 Fe1 Mn1 Ni1,1091.0
0.05719267606958679,1.1708804512326583,496.09999999999997,123.57000000000001,4.135602406591821,1.0436511459151758,2074.047,12.228301672142035,-10.96,2.3140577005658,3738.39604482475,4.6,-113.80618031244649,3.9100000000000015,60.05500000000001,-78.81739071269045,4.105,0.05075485262401152,60.055172537742635,0.04686149805543988,0.007223190042151075,1.585,Al0.5 Cr1 Nb1 Ti2 V0.5,1240.0
,,612.2727272727273,221.20000000000002,,1.1520256991489004,2378.497272727273,14.697168880613484,-8.59504132231405,4.0671329884822205,,4.272727272727273,,,126.4,,3.827272727272727,,,0.12134235427973517,,1.517272727272727,Al0.5 Hf1 Nb1 Ta1 Ti1 Zr1,1302.0
0.0365840327752956,1.1061320209873042,562.5555555555554,134.64444444444442,2.8962359280442347,0.9866509142492889,2274.83,13.14521343892854,-7.802469135802469,3.8325208811226306,9821.650757423355,4.777777777777778,-36.39298126208019,2.765432098765432,64.7679012345679,-142.0123334371328,4.188888888888889,0.03470562195661796,64.76823569917859,0.23783488410820952,0.0042804710714700045,1.6144444444444441,Al0.5 Mo1 Nb1 Ti1 V1,1625.0
,,568.7391304347827,201.19565217391303,,1.2967106540722686,2363.061304347826,13.241589181517465,-9.073724007561436,3.4484944634462273,,4.739130434782609,,,118.22495274102081,,4.1891304347826095,,,0.2497106075512803,,1.607391304347826,Al0.6 Mo1 Ta1 Ti1 V1,962.0
0.053582333727103575,1.1685573269600547,389.4492911668484,64.05291712104689,4.490081241112307,0.33647357168260483,1538.5632715376225,13.25423592665327,-5.685517648583821,3.5867412343927225,4616.485192419108,8.363413304253,-65.76197471979445,3.0746730543508116,11.11650967755554,-36.70568831838017,4.814492911668484,0.04060789602818985,11.118103986580172,0.10898857754467996,0.0037684349294597845,1.637257360959651,Al0.667 Co0.667 Cu0.667 Fe0.667 Ni1,680.0
0.07005602418724394,1.1853548441503499,413.8605721144228,71.79573914782956,6.428386465086406,0.38652786468901557,1760.4111802360467,14.840998134564138,-21.982746939465905,1.1884892781549616,3023.9328102858394,6.699339867973594,-202.81935937642862,4.459714507414385,15.147396648763632,-26.4519630684352,4.633214642928585,0.06588189513131264,15.1483527271424,0.14400751190082756,0.0093032813556462,1.6559571914382873,Al0.667 Co0.833 Cr0.833 Fe0.833 Ni0.833 Ti1,1272.0
0.0615506757141643,1.1866202658317024,404.22727272727275,74.48636363636363,5.8531894846183254,0.3680133971225757,1726.7354545454548,15.547215133769988,-14.388429752066116,1.8657996774854,4103.807284339212,7.2727272727272725,-152.48586430688815,3.543388429752066,14.717975206611564,-30.695839868787463,4.735,0.051258273910401914,14.718713572265353,0.1329893116938101,0.0065128156021577385,1.6672727272727272,Al0.75 Co1 Cr1 Cu0.25 Fe1 Ni1 Ti0.5,1900.0
,,599.8695652173913,212.7130434782609,,1.1865085537271427,2315.6699999999996,14.854820038583846,-12.400756143667296,2.773932550581921,,4.217391304347826,,,123.76559546313798,,3.843478260869565,,,0.1221483804358461,,1.5117391304347825,Al0.75 Hf1 Nb1 Ta1 Ti1 Zr1,1415.0
0.03601227565019581,1.106070381604155,550.1578947368421,128.92631578947368,2.7672590762782043,1.0204276673842219,2204.232105263158,13.332065209759664,-10.060941828254846,2.9208961413815926,10280.075346292651,4.684210526315789,-30.911341049350458,2.7036011080332405,63.54681440443212,-145.90539386108426,4.189473684210526,0.033963536810363654,63.54717358595766,0.23276490582783643,0.004470383783667573,1.6026315789473684,Al0.75 Mo1 Nb1 Ti1 V1,1260.0
0.05415781826184513,1.1691632269033272,370.75000000000006,226.89583333333334,5.286028719932177,1.2900441357707189,1663.495,13.350675322473435,-11.388888888888893,1.9500393640002092,4551.776331569488,6.958333333333334,-331.06945887772235,2.743055555555556,128.54774305555557,-105.87695424351884,4.706250000000001,0.04027868495536698,128.54879197964294,0.13716816017817932,0.0031183890871727595,1.6608333333333336,Al0.8 Cr1 Fe1 Mn1 Ni1,1200.0
0.212054094025515,2.0319885057236102,412.56862745098044,,,,1399.572549019608,13.920872366202895,-53.31795463283353,0.36541669605130134,309.58016578116593,6.15686274509804,,11.9761630142253,,,5.169411764705883,0.16714558914047403,,0.5279904668672085,0.09847373852588122,1.6601960784313727,Al1 C0.1 Co1 Cr1 Fe1 N1,957.0
0.21657616326943652,2.0360786025437085,418.30769230769226,,,,1446.176923076923,14.221596536363382,-53.46153846153845,0.38470544080948565,303.1984956267868,6.115384615384615,,12.315088757396447,,,5.1899999999999995,0.17516126564850473,,0.5280315404332468,0.09727580776408955,1.662307692307692,Al1 C0.2 Co1 Cr1 Fe1 N1,906.0
0.22075365312669154,2.0400492288930265,423.83018867924534,,,,1491.0226415094342,14.431908651129232,-53.55642577429691,0.4017875025811887,296.14743322899267,6.075471698113208,,12.620149519401926,,,5.209811320754717,0.1825968019315618,,0.5278815713435984,0.09607544967501666,1.6643396226415095,Al1 C0.3 Co1 Cr1 Fe1 N1,867.0
0.22462017443042512,2.043905550703397,429.1481481481481,,,,1534.2074074074073,14.58502024404227,-53.6076817558299,0.4174111874025065,289.0743221451719,6.037037037037036,,12.894375857338817,,,5.228888888888889,0.18949460125930717,,0.5275613591368505,0.09487713040031709,1.6662962962962962,Al1 C0.4 Co1 Cr1 Fe1 N1,1056.0
0.2282047512070128,2.0476524398577594,434.2727272727273,,,,1575.8218181818181,14.697168880613484,-53.619834710743795,0.43193194295567244,282.2177468394009,6.0,,13.140495867768594,,,5.247272727272727,0.19589349198287748,,0.5270893097909194,0.09368450620908478,1.6681818181818182,Al1 C0.5 Co1 Cr1 Fe1 N1,1060.0
0.24268365972495062,2.0648977931657764,457.3333333333333,,,,1763.0866666666664,14.896688227162047,-53.222222222222214,0.49348094262462916,252.93484166852508,5.833333333333333,,14.027777777777777,,,5.33,0.22155388471177945,,0.5229643072587905,0.08789340336523484,1.6766666666666663,Al1 C1 Co1 Cr1 Fe1 N1,1251.0
0.25288281946333135,2.080000822121694,476.8461538461539,,,,1921.5415384615387,14.784231704418767,-52.307692307692314,0.5431039696259544,231.1852439171308,5.6923076923076925,,14.497041420118341,,,5.4,0.23902465693510466,,0.5168692737567655,0.08251075866167822,1.683846153846154,Al1 C1.5 Co1 Cr1 Fe1 N1,1255.0
0.06581193046160254,1.1673106744417339,385.66666666666663,67.88333333333333,5.7091849675440205,0.47434965345925323,1558.9899999999998,12.975746340770252,-15.444444444444443,1.3097951733106241,2995.8708463248927,6.5,-141.15078705169512,4.138888888888888,17.236111111111107,-28.830183482360216,4.713333333333333,0.06199575371549895,17.237455767869776,0.1266227994214838,0.00453309354004269,1.63,Al1 Co0.5 Cr0.5 Fe0.5 Ni0.5,1241.0
0.06654194916915979,1.1855673480016415,390.3772113943028,68.54824587706146,5.829136600304581,0.4600167194054085,1592.7115442278862,13.876722702181523,-17.193801420129518,1.2854409507102014,3133.97749475791,6.534332833583209,-150.42747101096685,4.202073236245446,16.994462061323162,-28.389441654120123,4.700173913043478,0.06262562642932726,16.994636025401398,0.12977854931197413,0.005350765632991339,1.6343988005996999,Al1 Co0.556 Cr0.556 Fe0.556 Ni0.556 Ti0.111,1324.0
0.06762558033113202,1.1855043993854162,397.4166458385403,69.52509372656837,6.0086671846689255,0.43847090394789306,1643.0022494376403,14.533774185136853,-19.325584000150922,1.2356171838746024,3178.018332224149,6.584103974006498,-165.0479749755439,4.29052059654419,16.554178438644524,-27.76191396361026,4.680169957510622,0.06359762941630778,16.554602457398158,0.13430569915201412,0.006561086372562265,1.640879780054986,Al1 Co0.667 Cr0.667 Fe0.667 Ni0.667 Ti0.333,1566.0
0.06869438780664341,1.1854381420260174,404.4680936187238,70.49011802360471,6.188585191190806,0.4166089897572096,1693.2962592518502,14.840998134564137,-20.87274698388368,1.203972176936018,3144.999606549035,6.632726545309061,-180.61003256115814,4.370914510967808,16.01763661394011,-27.171228928950814,4.659859971994399,0.06459418045145349,16.018297559794586,0.13861905909653321,0.007755475090154715,1.6472974594918983,Al1 Co0.833 Cr0.833 Fe0.833 Ni0.833 Ti0.667,1503.0
0.0569007859434531,1.1686076461375874,402.5098039215687,77.22745098039216,5.5979216351506205,0.3783802183028851,1707.8568627450982,13.920872366202895,-12.056901191849295,1.971887886258078,4299.618485271687,7.176470588235295,-133.3087584552171,3.121876201460977,15.143021914648212,-33.59233023459841,4.812745098039216,0.04635777434829947,15.143080265040972,0.1305991280860033,0.004496749311294761,1.6798039215686276,Al1 Co1 Cr1 Fe1 Mo0.1 Ni1,1804.0
0.0568471039479284,1.1685255817778415,407.4230769230769,78.15769230769229,5.662627481336144,0.3798951216942455,1730.705769230769,14.22159653636338,-11.804733727810648,2.0850448422373113,4400.800328571251,7.153846153846153,-138.0245447567641,3.1952662721893477,15.478550295857985,-33.52517121324694,4.809615384615384,0.047128603613959215,15.478654190997284,0.13918879520298738,0.005176548322235575,1.6815384615384612,Al1 Co1 Cr1 Fe1 Mo0.2 Ni1,2456.0
0.05677499187664133,1.168446704575164,412.15094339622647,79.05283018867925,5.7227049359130815,0.38088845589611053,1752.6924528301886,14.431908651129232,-11.562833748665005,2.1875863583777053,4477.232109788048,7.132075471698114,-142.4981960486517,3.260946956212175,15.778212887148454,-33.47777651215692,4.806603773584905,0.04780537409777719,15.778351313659774,0.1466475979275763,0.0058130270463586774,1.6832075471698116,Al1 Co1 Cr1 Fe1 Mo0.3 Ni1,2649.0
0.05668663890396474,1.1683708323896265,416.7037037037037,79.9148148148148,5.778468009458598,0.38144530332971516,1773.8648148148147,14.58502024404227,-11.330589849108366,2.283363406390029,4538.8478178985515,7.111111111111111,-146.7331491536129,3.319615912208504,16.04526748971193,-33.44788106005095,4.803703703703704,0.048397047248282164,16.04543097994073,0.15319191904391252,0.006409143518518519,1.684814814814815,Al1 Co1 Cr1 Fe1 Mo0.4 Ni1,2670.0
0.05658397021577653,1.1682977967008825,421.0909090909091,80.74545454545455,5.830206531141921,0.38163542289458163,1794.2672727272727,14.697168880613486,-11.107438016528924,2.3741432619284906,4590.361110729403,7.09090909090909,-150.73393506656114,3.3719008264462804,16.282644628099174,-33.433541205686424,4.800909090909092,0.04891165172855315,16.282825049470375,0.15897918154679644,0.006967621816366308,1.6863636363636363,Al1 Co1 Cr1 Fe1 Mo0.5 Ni1,2757.0
0.05840537746314174,1.168529035187415,403.92156862745105,82.11764705882355,5.620028816303823,0.6116393989567293,1704.9941176470593,13.920872366202895,-12.933487120338338,1.8351590159754634,4080.9453745485225,7.15686274509804,-146.68776658144375,3.2026143790849684,19.937331795463287,-35.5485432337716,4.8009803921568635,0.04798140496485049,19.937490550142375,0.12190182043534764,0.004874236701582134,1.6772549019607845,Al1 Co1 Cr1 Fe1 Nb0.1 Ni1,1641.0
0.05840537746314174,1.168529035187415,403.92156862745105,82.11764705882355,5.620028816303823,0.6116393989567293,1704.9941176470593,13.920872366202895,-12.933487120338338,1.8351590159754634,4080.9453745485225,7.15686274509804,-146.68776658144375,3.2026143790849684,19.937331795463287,-35.5485432337716,4.8009803921568635,0.04798140496485049,19.937490550142375,0.12190182043534764,0.004874236701582134,1.6772549019607845,Al1 Co1 Cr1 Fe1 Nb0.1 Ni1,1641.0
0.06028248769927447,1.1682953268975542,413.23809523809524,90.4857142857143,5.7252575043722835,0.7681722793088758,1734.8514285714286,14.335348767850853,-13.750566893424036,1.8086309082187157,3944.8085521807634,7.095238095238095,-173.34271061532638,3.4195011337868477,26.94331065759637,-38.29874422800781,4.779523809523809,0.05129015826175538,26.943655268574908,0.12361523216652046,0.006407453385759014,1.676190476190476,Al1 Co1 Cr1 Fe1 Nb0.25 Ni1,1959.0
0.06028248769927447,1.1682953268975542,413.23809523809524,90.4857142857143,5.7252575043722835,0.7681722793088758,1734.8514285714286,14.335348767850853,-13.750566893424036,1.8086309082187157,3944.8085521807634,7.095238095238095,-173.34271061532638,3.4195011337868477,26.94331065759637,-38.29874422800781,4.779523809523809,0.05129015826175538,26.943655268574908,0.12361523216652046,0.006407453385759014,1.676190476190476,Al1 Co1 Cr1 Fe1 Nb0.25 Ni1,1959.0
0.06271801215210773,1.1679356660744857,427.6363636363637,103.41818181818182,5.835340867006788,0.8715446755636568,1780.9945454545455,14.697168880613486,-14.876033057851242,1.7595804948942362,3736.3634468777545,7.0,-214.3761441113685,3.719008264462809,36.89421487603306,-42.775963334390774,4.746363636363637,0.05580684207173343,36.89475927652649,0.1258294792615771,0.008670354510750137,1.6745454545454546,Al1 Co1 Cr1 Fe1 Nb0.5 Ni1,2473.0
0.06271801215210773,1.1679356660744857,427.6363636363637,103.41818181818182,5.835340867006788,0.8715446755636568,1780.9945454545455,14.697168880613486,-14.876033057851242,1.7595804948942362,3736.3634468777545,7.0,-214.3761441113685,3.719008264462809,36.89421487603306,-42.775963334390774,4.746363636363637,0.05580684207173343,36.89475927652649,0.1258294792615771,0.008670354510750137,1.6745454545454546,Al1 Co1 Cr1 Fe1 Nb0.5 Ni1,2473.0
0.05693354169002201,1.1686930948182395,397.40000000000003,76.26,5.528246898101137,0.3762390757162505,1684.094,13.380866803977112,-12.320000000000004,1.8291101866377453,4128.077533977861,7.200000000000001,-128.34875824512315,3.040000000000001,14.768000000000004,-33.68190901073821,4.816,0.045482866043613616,14.769214953271032,0.12056533498481224,0.0037704142299012306,1.6780000000000002,Al1 Co1 Cr1 Fe1 Ni1,1373.0
0.06502401668477163,1.1861883984891057,403.81818181818187,73.47272727272727,6.095114873060731,0.3911874706848845,1707.449090909091,14.697168880613486,-17.917355371900825,1.400578775341811,3476.0506645977357,6.909090909090908,-172.70836210547336,3.884297520661156,15.386776859504135,-28.840459578722246,4.7236363636363645,0.05776448883516763,15.387424599066563,0.13377543783742601,0.006544434700940734,1.6636363636363636,Al1 Co1 Cr1 Fe1 Ni1 Ti0.5,2260.0
0.06937552068472018,1.1853980869867378,409.16666666666663,71.14999999999999,6.308547347597221,0.40162988065708666,1726.9116666666666,14.896688227162047,-21.555555555555554,1.1934401146785523,3095.1180444713627,6.666666666666667,-191.50844068794532,4.416666666666665,15.602777777777776,-26.805826656968307,4.6466666666666665,0.06522659889877169,15.603589580686148,0.14135259302734968,0.00853292875610457,1.6516666666666664,Al1 Co1 Cr1 Fe1 Ni1 Ti1,1860.0
0.07175395258233087,1.1847356069387263,413.69230769230774,69.1846153846154,6.3546404313875025,0.40885491276174024,1743.3799999999999,14.784231704418767,-23.905325443786985,1.0781921346127672,2871.4886355673066,6.461538461538462,-195.5001603830763,4.7455621301775155,15.57278106508876,-25.840993908413818,4.581538461538463,0.06962903297981832,15.57352458254593,0.14572812491256631,0.00996274875012253,1.6415384615384616,Al1 Co1 Cr1 Fe1 Ni1 Ti1.5,2220.0
,,376.0,79.55,,0.5341362433995582,1482.04,14.896688227162047,-15.777777777777779,1.3992773970538672,,7.333333333333332,,,22.00277777777778,,4.511666666666667,,,0.2751615686989898,,1.5549999999999997,Al1 Co1 Cu1 Fe1 Nd1 Ni1,670.0
0.05701535418168457,1.168096382043702,380.8888888888888,61.4,4.572631405371102,0.3745590001872615,1496.4977777777776,13.145213438928542,-4.54320987654321,4.329930431199626,4043.7471236740153,8.0,-69.69614020678716,3.506172839506173,12.17530864197531,-34.37242359102095,4.728888888888888,0.04654268001907492,12.176251788268956,0.11372481406154646,0.00406843619822818,1.612222222222222,Al1 Co1 Cu1 Fe1 Ni0.5,929.0
0.05594705390626788,1.1682545876908017,383.83333333333337,62.3125,4.556188202491691,0.36182703216410456,1510.966666666667,13.350675322473434,-5.034722222222223,4.0066610429289815,4265.292215723725,8.125,-68.88332187351442,3.368055555555556,11.868923611111112,-35.04454570561812,4.758333333333334,0.04462365591397857,11.87017809139785,0.1124073692720662,0.003989798237418249,1.6208333333333333,Al1 Co1 Cu1 Fe1 Ni0.8,1021.0
0.06216650541903945,1.2433609876996727,395.66666666666663,56.74999999999999,4.500854992338456,0.4313855892615667,1547.54,14.896688227162047,-20.444444444444443,1.1276031961497892,3854.577824853954,7.499999999999999,-67.94017166837848,3.9444444444444446,13.19722222222222,-32.42065159750753,4.763333333333334,0.044619422572178435,13.198534558180224,0.1054224306724564,0.003525655305561746,1.605,Al1 Co1 Cu1 Fe1 Ni1 Si1,1930.0
0.09882610237614309,1.3232448921578457,421.8333333333333,58.21666666666666,7.575020747131367,0.3918769365687971,1621.04,14.896688227162047,-23.888888888888886,1.0108518481573436,1525.2688242070928,7.499999999999999,-324.37793875005275,6.583333333333334,12.463888888888887,-17.708435883511445,4.555,0.08612836438923394,12.465614216701171,0.21100289624131277,0.014341412604367505,1.5899999999999999,Al1 Co1 Cu1 Fe1 Ni1 Zr1,1050.0
0.06336974138666267,1.1856342857901965,422.94736842105266,78.63157894736842,6.353316861444933,0.4330931962262556,1807.52,14.167640809002256,-14.670360110803319,1.7455804712134975,3528.04136280228,6.526315789473684,-196.1485769786005,4.1828254847645425,18.81329639889196,-29.376769947499316,4.685263157894737,0.059133749867626796,18.813653109794494,0.17723952836631132,0.008568298027757486,1.6642105263157896,Al1 Cr1 Fe1 Mo0.5 Ni1 Ti0.25,2161.7
0.06492326354105481,1.185361941675473,424.3265306122448,77.6204081632653,6.429258040951312,0.4381438732259395,1811.6061224489795,14.422825839728718,-16.059975010412327,1.6269315224542844,3421.761014867734,6.448979591836735,-203.2648065539634,4.352353186172427,18.904206580591417,-28.59337595590306,4.658163265306122,0.0611927508172787,18.9046859039423,0.17950484906305786,0.009082688320536544,1.6597959183673467,Al1 Cr1 Fe1 Mo0.5 Ni1 Ti0.4,2185.1
0.06579155474786294,1.1851899514723274,425.20000000000005,76.98,6.464020253977535,0.4412086258508105,1814.194,14.533431935812187,-16.880000000000003,1.5619943730662826,3357.5916952845455,6.4,-206.55378898594836,4.450000000000002,18.940000000000005,-28.177055143220745,4.641,0.062357414448669206,18.94053231939164,0.18076504086797318,0.009390339213661586,1.657,Al1 Cr1 Fe1 Mo0.5 Ni1 Ti0.5,2228.7
0.06654631462219315,1.1850250656607177,426.03921568627453,76.36470588235294,6.488396158633679,0.44405172721836833,1816.6803921568628,14.61013631225519,-17.623990772779706,1.506012372986888,3299.181816398364,6.352941176470589,-208.85792351876614,4.536716647443292,18.958477508650525,-27.82769453047781,4.62450980392157,0.06337535014005605,18.959043911682326,0.18185151384377898,0.00967238152457027,1.6543137254901965,Al1 Cr1 Fe1 Mo0.5 Ni1 Ti0.6,1314.5
0.0674961785028669,1.1847901236012948,427.2380952380952,75.48571428571428,6.508881480293132,0.44793446585204666,1820.232380952381,14.677032875045724,-18.612244897959183,1.4353781954798042,3221.661429889941,6.285714285714285,-210.7573028172379,4.648526077097505,18.9578231292517,-27.405096499443157,4.600952380952381,0.06465894465894466,18.958411472697186,0.18319660950035702,0.010051782844546785,1.6504761904761904,Al1 Cr1 Fe1 Mo0.5 Ni1 Ti0.75,618.8
0.06150140462508568,1.1682070885026152,390.75,74.825,5.84263343938314,0.4265651327354808,1663.1175,11.52565131835077,-13.25,1.4466801816186594,3047.161043749414,6.75,-152.48833843479764,3.5625,17.118750000000002,-30.9026074083903,4.745,0.05319148936170212,17.12104690522244,0.12214233500306106,0.004124571772401282,1.6600000000000001,Al1 Cr1 Fe1 Ni1,1406.2
,,588.5,204.93333333333334,,1.2192895847097092,2258.078333333333,14.896688227162047,-15.555555555555559,2.1624357165541936,,4.166666666666666,,,121.12222222222222,,3.8583333333333325,,,0.12261049438499681,,1.5066666666666664,Al1 Hf1 Nb1 Ta1 Ti1 Zr1,1489.0
0.03544924661906688,1.1060149799562646,539.0,123.78,2.6498311847752496,1.051673644504049,2140.694,13.380866803977112,-11.840000000000003,2.419285581256163,10648.053585162888,4.6000000000000005,-26.422248576542387,2.64,62.24000000000001,-150.0517157661341,4.1899999999999995,0.033190271816881244,62.240371959942784,0.22798245546532747,0.004594952534096685,1.592,Al1 Mo1 Nb1 Ti1 V1,1375.0
0.048186229664629904,1.1299630153082472,532.0,120.4,2.367750860145752,1.2222341445133598,1938.1175,11.52565131835077,-21.5,1.0389798380927302,4963.860688193437,4.0,-26.7236875529506,3.3125,66.1,-176.05545499297992,3.875,0.04145516074450084,66.10200930626057,0.11291589790636215,0.005856302080298352,1.49,Al1 Nb1 Ti1 Zr1,1590.0
0.034362627631080396,1.1059194504563419,519.7272727272727,114.8909090909091,2.444432374665492,1.107671581302702,2030.9463636363637,13.25390193646719,-14.347107438016526,1.8761944913393904,11224.60381754346,4.454545454545455,-19.64205434291957,2.5123966942148757,59.51900826446281,-159.0810495610998,4.190909090909091,0.03162055335968385,59.51938367808818,0.21919084857533072,0.004710162134859238,1.5736363636363635,Al1.5 Mo1 Nb1 Ti1 V1,500.0
0.05201294647922279,1.1687313554975265,387.16666666666663,71.6,4.77132095702737,0.3936970575929022,1629.7066666666665,14.896688227162047,-4.777777777777777,5.081281140361571,5506.388061025179,7.833333333333332,-81.05749920614586,2.888888888888889,15.377777777777776,-37.970780432560446,4.754999999999999,0.03809523809523815,15.378607503607503,0.11908213785264163,0.003877150679194268,1.643333333333333,Al16.7Co16.7Cr16.7Cu16.7Fe16.7Ni16.7,1510.0
0.06253725579080802,1.243796192535694,405.49999999999994,67.91666666666666,5.305243866253546,0.47347930150301815,1684.5783333333334,14.896688227162047,-27.333333333333336,0.9180965204597168,3809.009787213375,6.666666666666667,-115.29615589152316,3.6944444444444446,17.21944444444444,-31.55067112412762,4.796666666666667,0.04347826086956515,17.22065217391304,0.11908213785264163,0.0037605585704940173,1.648333333333333,AlCoCrFeNiSi,2411.0
0.0585805256719061,1.2425292386786313,399.2692307692307,74.33461538461538,5.522341093147763,0.40003251375035376,1684.2057692307692,14.22159653636338,-16.390532544378694,1.4613371999575542,4144.210670729294,7.0769230769230775,-128.44322032358716,3.232248520710058,15.508136094674553,-32.87439574040399,4.811538461538461,0.0452012670227277,15.508538486437837,0.12052952693803005,0.003793212782056056,1.6711538461538458,AlCoCrFeNiSi0.2,1265.0
0.05990853262734981,1.2428795935750296,401.0,72.55185185185184,5.490506073569523,0.42126476471465363,1684.3092592592593,14.58502024404227,-19.835390946502052,1.2384774623187482,4063.7751627281796,6.962962962962962,-126.68086879429887,3.3882030178326468,16.100137174211245,-32.3134411414703,4.807407407407407,0.04484449606400827,16.100842163624453,0.12033332763357368,0.0038007327050964897,1.664814814814815,AlCoCrFeNiSi0.4,1481.0
0.060980629172520985,1.2432060058793621,402.6071428571429,70.89642857142857,5.440343274034194,0.44037677757606203,1684.4053571428572,14.77811766176137,-22.755102040816325,1.0939234864035499,3974.068221269602,6.857142857142858,-123.63511038228829,3.5140306122448974,16.569515306122447,-31.93285932914682,4.803571428571429,0.044429734825691035,16.570444805976308,0.12001009736429576,0.00379619184324595,1.6589285714285715,AlCoCrFeNiSi0.6,1834.0
0.06184455761569502,1.2435108489670867,404.1034482758621,69.3551724137931,5.3772776561370685,0.45769718461632025,1684.4948275862068,14.870722517651311,-25.231866825208087,0.9927785104837079,3888.0254169012683,6.7586206896551735,-119.73462660468225,3.6147443519619507,16.936979785969086,-31.688724299476487,4.800000000000001,0.043970673716975134,16.93807250618939,0.11958608757898827,0.0037821288641818247,1.653448275862069,AlCoCrFeNiSi0.8,2179.0
0.060889531517019084,1.168024178232137,403.4761904761904,77.24285714285713,5.979931895271436,0.4268611296346647,1721.8261904761903,12.568476876778147,-12.653061224489797,1.7103159683559985,3389.981945640873,6.714285714285714,-163.48411128256188,3.6961451247165535,17.829931972789115,-31.021652009418467,4.7404761904761905,0.05407675749461853,17.830013225429827,0.14744229049001956,0.005668005306751763,1.665238095238095,AlCrFeNiMo0.2,1487.4
0.05991446895152785,1.1677810386177738,420.4444444444444,80.46666666666665,6.140567351209921,0.4232976372656951,1800.1044444444444,13.145213438928542,-11.851851851851848,1.9965451332307034,3661.88088655866,6.666666666666667,-176.96667816233193,3.8271604938271597,18.54074074074074,-31.306531427013574,4.734444444444445,0.05470085470085463,18.540835707502374,0.1722258064143168,0.00754827958043329,1.672222222222222,AlCrFeNiMo0.5,1748.6
0.058907985270587236,1.1675689826136102,435.29166666666674,83.28750000000001,6.257991635245383,0.4171359340676817,1868.5979166666668,13.350675322473434,-11.145833333333336,2.2382394700860053,3847.2897480470006,6.625,-187.23642918829378,3.8975694444444455,18.940104166666664,-31.680347089830658,4.729166666666667,0.05472994566954299,18.940137457387873,0.1884029185607862,0.009014655463634468,1.6783333333333332,AlCrFeNiMo0.8,1512.5
,,612.5853658536586,,,,2415.19512195122,13.603432261741908,-5.47293277810827,6.003169520329697,,4.487804878048781,,,,,3.9143902439024396,,,0.2987212484826991,,1.550487804878049,C0.1 Hf0.5 Mo0.5 Nb1 Ti1 Zr1,1183.0
,,752.0769230769231,,,,3203.358974358974,13.426379460507471,0.0,0.0,,5.717948717948717,,,,,4.655897435897436,,,0.33168527496786193,,1.7499999999999998,C0.2 Mo1 Nb1 Re0.5 Ta0.2 W1,1074.0
,,617.1627906976744,,,,2480.6744186046512,14.165477537729627,-15.359653866955114,2.2878079193415313,,4.465116279069767,,,,,4.022558139534883,,,0.3567846616012536,,1.5606976744186045,C0.3 Hf0.5 Mo0.5 Nb1 Ti1 Zr1,1201.0
,,751.5581395348838,,,,3236.209302325581,14.214331286032868,0.0,0.0,,5.604651162790698,,,,,4.701395348837209,,,0.3541502371612099,,1.7453488372093022,C0.4 Mo1 Nb1 Re0.5 Ta0.4 W1,1144.0
,,751.3333333333333,,,,3250.4444444444443,14.425841363189738,0.0,0.0,,5.555555555555555,,,,,4.721111111111111,,,0.3634539385288027,,1.7433333333333332,C0.5 Mo1 Nb1 Re0.5 Ta0.5 W1,1202.0
,,751.127659574468,,,,3263.468085106383,14.563842764013065,0.0,0.0,,5.51063829787234,,,,,4.739148936170213,,,0.37176186052579746,,1.7414893617021276,C0.6 Mo1 Nb1 Re0.5 Ta0.6 W1,1241.0
0.03539471176140348,1.1053495850915962,477.16666666666663,81.38333333333333,3.7589183890610487,0.2845108239098724,2018.9999999999998,12.975746340770252,-8.666666666666666,3.022849830232516,10357.515385434714,7.999999999999999,-37.81995126783405,2.25,11.624999999999998,-58.99654999293456,4.888333333333333,0.03215993046501517,11.625289729103287,0.1554205763583303,0.01103099879197244,1.7383333333333333,Co0.5 Fe0.5 Mo0.5 Ni1 V0.5,679.1
0.015002821513025448,1.0730098751580897,421.52941176470586,78.91176470588235,1.5161674917281007,0.2001414657783601,1788.35294117647,11.748688562503578,-10.20069204152249,2.05974277629341,52196.75525432656,8.52941176470588,-1.5376053959684743,0.6159169550173009,5.9709342560553615,-305.7603044379647,5.029411764705881,0.00796568627450991,5.971384803921567,0.05965877596944985,0.0010360982986767511,1.7399999999999998,Co1 Cr0.2 Fe1 Ni1 Si0.2,225.0
0.04545564859352295,1.1879303928223846,405.4545454545455,77.52727272727272,4.5079606409703805,0.29274521499487105,1784.5945454545456,14.697168880613486,-3.7024793388429753,7.084033432084869,7113.084478314929,8.363636363636363,-68.09071673448614,2.1487603305785123,12.158677685950414,-44.200765437223914,4.7690909090909095,0.027812073559035692,12.159693760005672,0.12235971897011809,0.005702722590139802,1.6781818181818182,Co1 Cr1 Cu1 Fe1 Ni1 Ti0.5,700.0
0.05366730023520022,1.1873373651399393,408.68965517241384,75.87586206896552,5.213870747677693,0.30582265314132556,1792.6844827586208,14.870722517651311,-6.7538644470868014,3.9471496228061764,5163.124210784208,8.137931034482758,-106.62445210413614,2.8061831153388823,12.499405469678953,-36.01242971715802,4.71896551724138,0.03638557571819756,12.50068575031647,0.1332257790538994,0.007497097609088382,1.6700000000000002,Co1 Cr1 Cu1 Fe1 Ni1 Ti0.8,1042.0
0.05758059785205403,1.1869771588277565,410.66666666666663,74.86666666666666,5.5229390106428475,0.3132623494883155,1797.6283333333333,14.896688227162047,-8.444444444444445,3.1711628877607416,4493.010038652305,7.999999999999999,-127.18289794841846,3.166666666666666,12.655555555555553,-33.10531779911214,4.688333333333333,0.042314335060449,12.656922855497983,0.1387643886433243,0.008522582939592543,1.665,Co1 Cr1 Cu1 Fe1 Ni1 Ti1,1272.0
,,436.1428571428571,92.23809523809521,,0.23283124632433533,1958.5714285714284,12.568476876778147,-3.492063492063492,7.04920164466207,,8.142857142857144,,,9.93424036281179,,4.961904761904761,,,0.14875903905538065,,1.7528571428571427,Co1 Cr1 Fe1 Ni1 W0.2,335.0
,,464.3333333333333,96.78888888888888,,0.27730794680006005,2074.333333333333,13.145213438928542,-3.1604938271604937,8.627624637586766,,8.0,,,12.901234567901234,,4.951111111111111,,,0.19264244369066516,,1.7566666666666664,Co1 Cr1 Fe1 Ni1 W0.5,556.0
0.057926478056879276,1.1567155835922056,551.75,174.475,6.659372733613983,0.6699481741944912,2398.5,11.52565131835077,-2.75,10.052463522568843,3434.8773062604846,6.5,-438.09856798061327,4.0625,55.58125,-61.658776762909234,4.6125,0.054820415879017016,55.584676275992436,0.21971572542719833,0.017357662099802832,1.7225,Co1 Cr1 Mo1 Nb1,1419.6
0.05986843400892501,1.1744148697989574,547.7619047619047,168.3380952380952,6.726218560902725,0.6969741542765866,2376.714285714286,12.568476876778147,-4.1723356009070285,7.159462085507804,3506.605048621098,6.380952380952381,-445.8771504037376,4.263038548752835,56.25850340136053,-58.795553626774975,4.5738095238095235,0.0563236047107015,56.259454319362135,0.22284493251043033,0.017025495351876065,1.7128571428571429,Co1 Cr1 Mo1 Nb1 Ti0.2,1905.6
0.06125776693821194,1.174095311861449,544.1363636363635,162.75909090909093,6.7368229190298585,0.7215954202925026,2356.909090909091,13.010609348225904,-5.330578512396694,5.7526257947025625,3467.1714249875104,6.272727272727272,-442.5277585339494,4.411157024793387,56.58574380165289,-56.74189118482143,4.538636363636364,0.05730215270249342,56.587384022977176,0.22494260057561133,0.016687073948513924,1.704090909090909,Co1 Cr1 Mo1 Nb1 Ti0.4,1771.3
0.061793075777375917,1.1739466647254797,542.4444444444443,160.15555555555554,6.727206182963657,0.7331058778546118,2347.6666666666665,13.145213438928542,-5.827160493827161,5.295989264322226,3442.611508457894,6.222222222222221,-437.97280028295535,4.469135802469136,56.644444444444446,-55.92798667942485,4.522222222222222,0.057633693543917994,56.64635325267079,0.22568414506414344,0.016517036235803133,1.6999999999999997,Co1 Cr1 Mo1 Nb1 Ti0.5,1609.2
0.06336544956695142,1.1732962163366993,535.0,148.70000000000002,6.589373100467278,0.7839073835113717,2307.0,13.380866803977112,-7.6800000000000015,4.019486942288436,3332.569434344026,6.0,-399.69847673114685,4.6400000000000015,56.19200000000001,-53.20811379994244,4.45,0.058160237388724015,56.194729970326414,0.22719154913860684,0.015674917560299175,1.6820000000000002,Co1 Cr1 Mo1 Nb1 Ti1,1096.8
0.025308791452303747,1.0700109321086435,444.25,71.675,2.371433759080861,0.20405856167930775,1872.5,11.52565131835077,-10.5,2.0554078184392206,17993.79061551987,8.0,-8.38742357224217,1.5,6.9937499999999995,-104.52564628135856,4.87,0.021739130434782608,6.99473814229249,0.10917302780449026,0.004834983961320131,1.7274999999999998,Co1 Fe1 Ni1 V1,428.3
0.06520983137441808,1.1832807537237913,532.8000000000001,148.70000000000002,6.781170364625735,0.7839073835113717,2315.6000000000004,13.380866803977112,-8.320000000000002,3.7241268234722833,3146.719948420848,5.8,-436.1990722021987,4.800000000000002,56.19200000000001,-51.44287077574357,4.416,0.06002971768202081,56.19479346210996,0.2231053562781495,0.012876615864393134,1.6860000000000002,Cr1 Fe1 Mo1 Nb1 Ti1,1647.0
0.05356869554443538,1.1666574518075814,541.6,148.92000000000002,5.610249484368717,0.7814471779033747,2364.0,13.380866803977112,-5.760000000000001,5.491730750798939,4662.96446384995,6.0,-243.11198951721457,3.9200000000000013,56.01600000000001,-64.60387903297675,4.506,0.045454545454545456,56.01766666666668,0.20790382391865725,0.01145630465312963,1.7100000000000002,Cr1 Fe1 Mo1 Nb1 V1,2663.0
,,583.2,195.94,,1.052334534218247,2418.4,14.533431935812189,-4.24,8.28954051735099,,4.9,,,101.80000000000003,,4.0600000000000005,,,0.21980900800467668,,1.6,Cr1 Mo0.5 Nb1 Ta0.5 Ti1 Zr1,1595.0
0.020782002631494635,1.1516403527351773,347.8738945299706,301.4330822142155,1.7815638933576678,1.14353552171259,1517.0452800524074,9.703427372685264,-0.09097922723231423,161.80109618292113,22467.2733223566,9.240746806419914,-13.618580356726868,1.1198598748241702,165.13559069818933,-771.3587712432114,4.690452014412054,0.01490718912946026,165.1359097985889,0.16747618783618162,0.001701735123416939,1.6035768096953815,Cu1 Mn1 Ni1 Sn0.053,380.0
0.026128386813126465,1.1514946122558785,347.03728704596585,296.1563484410158,2.2102838916739778,1.1602334036210238,1498.178682095789,10.088012632708608,-0.18350290303452407,82.36188758383614,14776.800964732085,9.143040822886531,-30.065216545974096,1.354160499532925,164.21392718840383,-489.3998019446389,4.680376084860174,0.017458329500765004,164.21454384818708,0.1674996318722645,0.0016717323984181175,1.5967984570877531,Cu1 Mn1 Ni1 Sn0.111,620.0
0.05599833166076404,1.1824338872031666,556.2,134.98000000000002,4.9754517680588854,0.915102467676257,2316.2000000000003,13.380866803977112,-7.520000000000001,4.1213781504483755,4267.1122828682865,5.6000000000000005,-179.55675423188106,4.240000000000001,59.016000000000005,-67.9067476479069,4.336,0.04705882352941177,59.01673529411765,0.22604424345689503,0.01086712787250122,1.6680000000000001,Fe1 Mo1 Nb1 Ti1 V1,1707.0
,,535.578947368421,62.031578947368416,,1.1929466307376053,2133.3684210526317,11.741187899875777,-1.2853185595567864,19.4879933110727,,4.263157894736842,,,19.160110803324095,,3.8131578947368414,,,0.12246770166104405,,1.5210526315789472,Hf0.25 Nb0.125 Ti1 V0.5 Zr0.5,1115.0
,,545.3000000000001,77.68,,1.277955004696858,2164.2,12.228301672142035,-0.8800000000000001,30.073284635056574,,4.3,,,32.15800000000001,,3.825,,,0.12163880959627972,,1.5270000000000001,Hf0.25 Nb0.25 Ti1 V0.5 Zr0.5,1065.0
,,554.0952380952381,91.83809523809525,,1.260207098180616,2192.095238095238,12.481670719169388,-0.5442176870748299,50.27585761504633,,4.333333333333333,,,42.652154195011335,,3.835714285714285,,,0.12067835475395926,,1.5323809523809522,Hf0.25 Nb0.375 Ti1 V0.5 Zr0.5,1025.0
,,562.0909090909091,104.7090909090909,,1.2179743457698298,2217.4545454545455,12.601595913640617,-0.2644628099173554,105.66123133689815,,4.363636363636364,,,51.14876033057851,,3.8454545454545452,,,0.11962752108797076,,1.5372727272727271,Hf0.25 Nb0.5 Ti1 V0.5 Zr0.5,980.0
,,524.7777777777778,44.644444444444446,,0.13503296137459678,2099.111111111111,10.583957590406147,-1.7777777777777777,12.497007924872058,,4.222222222222222,,,2.995061728395062,,3.8,,,0.12310790208412921,,1.5144444444444443,Hf0.25 Ti1 V0.5 Zr0.5,1160.0
,,606.1219512195123,133.90731707317076,,1.0427367186877223,2363.09756097561,13.603432261741908,-5.996430696014278,5.360895377309416,,4.487804878048781,,,67.02914931588342,,3.876829268292683,,,0.2614458949354229,,1.5439024390243905,Hf0.5 Mo0.5 Nb1 Si0.1 Ti1 Zr1,1350.0
,,598.6744186046511,128.89767441860465,,1.0723080741134805,2331.6511627906975,14.165477537729627,-16.78745267712277,1.9674784976367055,,4.465116279069767,,,65.71552190373176,,3.9151162790697676,,,0.2652274348780806,,1.541860465116279,Hf0.5 Mo0.5 Nb1 Si0.3 Ti1 Zr1,1370.0
,,591.8888888888888,124.33333333333331,,1.0999393286670667,2302.9999999999995,14.425841363189738,-25.679012345679013,1.2937690987564918,,4.444444444444445,,,64.36543209876544,,3.95,,,0.2678077438281444,,1.5399999999999998,Hf0.5 Mo0.5 Nb1 Si0.5 Ti1 Zr1,1600.0
,,585.6808510638298,120.15744680851063,,1.1258210859006932,2276.7872340425533,14.534222462977702,-33.0285196921684,1.0019017645616326,,4.425531914893617,,,63.00226346763242,,3.981914893617021,,,0.26946705613364114,,1.5382978723404255,Hf0.5 Mo0.5 Nb1 Si0.7 Ti1 Zr1,1550.0
,,579.9795918367347,116.32244897959183,,1.1501158887482876,2252.7142857142853,14.549880322612035,-39.117034568929604,0.8379143158314878,,4.408163265306122,,,61.642648896293196,,4.011224489795918,,,0.27041162878025754,,1.5367346938775508,Hf0.5 Mo0.5 Nb1 Si0.9 Ti1 Zr1,1650.0
,,641.6190476190476,235.2380952380952,,1.0807849237485931,2540.7619047619046,14.335348767850856,1.0884353741496597,33.463363012513454,,4.476190476190476,,,128.8272108843537,,3.83095238095238,,,0.18953338094998218,,1.5414285714285711,Hf1 Mo0.25 Nb1 Ta1 Ti1 Zr1,1112.0
,,590.1860465116279,132.7,,1.023395923858471,2382.0,14.165477537729629,-16.149269875608436,2.0893927561292127,,4.5813953488372094,,,64.0757166035695,,4.025581395348837,,,0.25413082657285496,,1.5732558139534885,Hf1 Mo0.5 Nb Si0.3 Ti V0.5,1617.0
,,583.7777777777777,127.96666666666665,,1.05148078588319,2351.1111111111113,14.425841363189738,-24.246913580246915,1.39880714318017,,4.555555555555555,,,63.02962962962963,,4.055555555555555,,,0.25571009819908885,,1.57,Hf1 Mo0.5 Nb Si0.5 Ti V0.5,1787.0
,,577.9148936170213,123.63617021276596,,1.077785560018953,2322.8510638297876,14.534222462977702,-30.937075599818918,1.0912742544503515,,4.531914893617021,,,61.92575826165686,,4.082978723404255,,,0.2565634572678877,,1.5670212765957445,Hf1 Mo0.5 Nb Si0.7 Ti V0.5,2134.0
,,642.3636363636364,230.25454545454548,,1.0833401505864446,2556.909090909091,14.697168880613484,0.6611570247933884,56.838728641218545,,4.545454545454546,,,126.10909090909092,,3.868181818181818,,,0.23217619413705393,,1.5518181818181818,Hf1 Mo0.5 Nb1 Ta1 Ti1 Zr1,1317.0
,,601.0,140.6875,,0.9774829309554616,2434.125,12.966357733144617,-0.625,50.498776827505026,,4.625,,,65.4609375,,3.9750000000000005,,,0.24989685372169057,,1.5787499999999999,Hf1 Mo0.5 Nb1 Ti1 V0.5,1260.0
,,643.0434782608695,225.70434782608697,,1.0850158687890152,2571.6521739130435,14.854820038583846,0.30245746691871445,126.30347874856017,,4.608695652173912,,,123.36635160680528,,3.902173913043478,,,0.26209422684010264,,1.5613043478260868,Hf1 Mo0.75 Nb1 Ta1 Ti1 Zr1,1373.0
,,643.6666666666666,221.53333333333333,,1.0859299236235374,2585.1666666666665,14.896688227162047,-1.1102230246251565e-16,3.468710429743368e+17,,4.666666666666666,,,120.63333333333331,,3.9333333333333327,,,0.2843950694993772,,1.5699999999999998,Hf1 Mo1 Nb1 Ta1 Ti1 Zr1,1512.0
,,540.32,187.54000000000002,,1.3573364140906001,2526.7999999999997,13.380866803977112,5.280000000000001,6.40355572732753,,4.4,,,113.31200000000003,,3.8000000000000003,,,0.32236625133534064,,1.506,Hf1 Mo1 Sc1 Ta1 Zr1,1778.0
,,626.4000000000001,190.84,,1.3235106718835932,2552.2000000000003,13.380866803977112,-0.9600000000000003,35.57359193448998,,4.6,,,111.52000000000002,,3.9100000000000006,,,0.31122981862283056,,1.556,Hf1 Mo1 Ta1 Ti1 Zr1,1600.0
,,430.32000000000005,38.24000000000001,,0.29259081703844925,2037.6,13.380866803977112,8.48,3.2151950707292167,,3.6000000000000005,,,6.200000000000001,,3.46,,,0.10583005244258364,,1.372,Hf1 Sc1 Ti1 Y1 Zr1,793.0
,,432.4,41.425,,0.24825731482562396,2097.25,11.52565131835077,4.25,5.687569935861448,,3.75,,,5.706249999999999,,3.5249999999999995,,,0.09337424698491549,,1.4125,Hf1 Sc1 Ti1 Zr1,1101.0
,,528.5,40.525,,0.2817586515046692,2093.5,11.52565131835077,8.75,2.7575944039962668,,3.75,,,6.38125,,3.5125,,,0.11818946653572815,,1.3975,Hf1 Ti1 Y1 Zr1,554.0
,,564.0,45.533333333333324,,0.18828719695593163,2191.6666666666665,9.133862567986663,0.0,0.0,,4.0,,,4.666666666666666,,3.6166666666666667,,,0.10677078252031309,,1.46,Hf1 Ti1 Zr1,773.0
0.06023027652863625,1.2288029964940372,594.2352941176471,141.8147058823529,3.48857304611304,1.066546631395558,2283.3823529411766,11.620739001701857,1.0034602076124566,26.44309177715708,3203.3473477873627,4.4411764705882355,-95.41020211188669,4.647058823529412,71.51358131487889,-113.97270906221264,3.8352941176470585,0.050232383456175825,71.5138298533347,0.16039985719086913,0.0029536151254042566,1.5408823529411766,Mo0.1 Nb1 Ti1 V0.3 Zr1,932.0
0.06142456555670192,1.22925355593164,597.7777777777778,140.91388888888892,3.914280440100831,1.0434559581174951,2317.416666666667,12.317988973699242,0.27777777777777785,102.76528661088065,3264.792800220697,4.527777777777779,-123.96159965996141,4.780864197530865,70.63510802469135,-96.70578503694959,3.8805555555555555,0.05004626124989485,70.63523068709637,0.2136634815155209,0.002803586715465196,1.553611111111111,Mo0.3 Nb1 Ti1 V0.3 Zr1,1312.0
0.06850457163691948,1.230982680120141,583.8139534883721,125.57674418604651,4.3662902205884935,1.1065838916082047,2295.5348837209303,12.82528552396791,-0.8653326122228231,34.02262886905778,2732.9263777705246,4.604651162790698,-155.4012421757586,5.365062195781503,63.319091400757166,-74.6083884378176,3.9406976744186046,0.05237053464397027,63.31970123164932,0.1973239026391157,0.004660000444838438,1.567674418604651,Mo0.3 Nb1 Ti1 V1 Zr1,1289.0
,,610.125,136.6,,1.027154474293422,2380.0,12.966357733144617,0.25,123.43972561953674,,4.5,,,67.6625,,3.85625,,,0.2589884167293974,,1.545,Mo0.5 Nb1 Hf0.5 Zr1 Ti1,1176.0
0.06223442998315284,1.2296584886376323,600.9473684210526,140.1078947368421,4.289098649549446,1.0217595435816995,2347.8684210526317,12.647715131480425,-0.3047091412742381,97.45415195452499,3265.5071803523506,4.605263157894737,-151.68823228882306,4.861495844875346,69.54051246537394,-85.19531316340094,3.921052631578947,0.04963813421242083,69.54054237987829,0.2476880633605543,0.0026678941624303566,1.5649999999999997,Mo0.5 Nb1 Ti1 V0.3 Zr1,1301.0
0.06819870306785297,1.2312529152693623,587.1111111111111,125.57777777777777,4.645847205655628,1.0817047594142737,2322.222222222222,13.14521343892854,-1.1851851851851851,25.75640258190061,2826.2814663900895,4.666666666666666,-176.28546018464903,5.333333333333333,62.743209876543204,-68.88811883447829,3.9722222222222223,0.05246913580246913,62.743895747599446,0.22808921797845838,0.004454840685029706,1.5766666666666664,Mo0.5 Nb1 Ti1 V1 Zr1,1473.0
0.06275806720986206,1.2300243916794964,603.8,139.3825,4.618523061141774,1.001327961064547,2375.2749999999996,12.795332770171866,-0.7749999999999997,39.21604392989676,3248.7213701502906,4.675,-177.84076683604275,4.9025,68.30618749999998,-77.03833726902921,3.9575000000000005,0.04907343857240903,68.30622610672613,0.27158320548222414,0.0025446022040478576,1.5752499999999998,Mo0.7 Nb1 Ti1 V0.3 Zr1,1436.0
0.06782787298239874,1.2315008137800705,590.1276595744681,125.57872340425533,4.892698676004819,1.0584316023773612,2346.6382978723404,13.308089344004216,-1.4486192847442279,21.557956914580913,2892.6727967046672,4.723404255319149,-195.38412908605892,5.287460389316433,62.03395201448619,-64.52013569832235,4.001063829787234,0.05237218917011194,62.034689518750305,0.25058193926197386,0.004266983173172881,1.5848936170212766,Mo0.7 Nb1 Ti1 V1 Zr1,1706.0
,,752.7142857142857,214.74285714285713,,0.4797007680750303,3162.999999999999,11.238732128524116,0.0,0.0,,5.857142857142857,,,51.73469387755102,,4.6,,,0.3018040991863998,,1.7557142857142856,Mo1 Nb1 Re0.5 W1,896.0
,,740.2352941176471,321.05882352941177,,0.714201102744004,3086.176470588235,12.70766391344736,-0.3875432525951557,101.19668734574346,,5.411764705882353,,,122.1522491349481,,4.352941176470589,,,0.36313894888013815,,1.7011764705882353,Mo1 Nb1 Ta1 Ti0.25 W1,1109.0
,,740.2352941176471,321.05882352941177,,0.714201102744004,3086.176470588235,12.70766391344736,-0.3875432525951557,101.19668734574346,,5.411764705882353,,,122.1522491349481,,4.352941176470589,,,0.36313894888013815,,1.7011764705882353,Mo1 Nb1 Ta1 Ti0.25 W1,1109.0
,,725.1111111111111,305.7555555555556,,0.7574705084040986,3022.5555555555557,13.145213438928542,-0.691358024691358,57.46969947522425,,5.333333333333333,,,123.40987654320986,,4.322222222222222,,,0.3615740622184282,,1.691111111111111,Mo1 Nb1 Ta1 Ti0.5 W1,1211.0
,,725.1111111111111,305.7555555555556,,0.7574705084040986,3022.5555555555557,13.145213438928542,-0.691358024691358,57.46969947522425,,5.333333333333333,,,123.40987654320986,,4.322222222222222,,,0.3615740622184282,,1.691111111111111,Mo1 Nb1 Ta1 Ti0.5 W1,1211.0
,,711.578947368421,292.06315789473683,,0.7970486542216089,2965.6315789473683,13.332065209759664,-0.930747922437673,42.479808598548296,,5.2631578947368425,,,123.73296398891965,,4.294736842105263,,,0.35930989564446064,,1.6821052631578945,Mo1 Nb1 Ta1 Ti0.75 W1,1304.0
,,630.0,256.98,,0.9678931169681729,2612.0,13.380866803977112,-0.8000000000000002,43.68853011498526,,5.0,,,129.68800000000005,,4.16,,,0.24129649810969084,,1.6400000000000001,Mo1 Nb1 Ta1 Ti1 V1,1400.0
,,668.1666666666666,240.89999999999998,,0.9542836393857045,2792.5,14.896688227162047,-1.3333333333333335,31.199251405762514,,5.166666666666666,,,118.10555555555554,,4.266666666666667,,,0.33408664877377076,,1.6683333333333334,Mo1 Nb1 Ta1 Ti1 V1 W1,1515.0
,,699.4000000000001,279.74,,0.833509249427784,2914.4,13.380866803977112,-1.12,34.81892697634901,,5.2,,,123.37600000000003,,4.2700000000000005,,,0.3565613551690648,,1.6740000000000002,Mo1 Nb1 Ta1 Ti1 W1,1455.0
,,708.2,279.96000000000004,,0.832066256281013,2962.8,13.380866803977112,-0.4800000000000001,82.59340034754871,,5.4,,,123.20000000000002,,4.36,,,0.34339481650135606,,1.6980000000000002,Mo1 Nb1 Ta1 V1 W1,1246.0
,,757.25,338.275,,0.6664595860286863,3157.75,11.52565131835077,0.0,0.0,,5.5,,,119.60624999999999,,4.3875,,,0.3636963018783666,,1.7125,Mo1 Nb1 Ta1 W1,1058.0
0.06269792912118212,1.2304010632146272,608.7058823529412,139.5,5.014359084303482,0.9682892073558477,2414.294117647059,12.70766391344736,-1.273356401384083,24.09383437498245,3232.6547728341934,4.764705882352941,-211.1703674169499,4.8719723183391,66.71280276816607,-69.50050908273651,4.002941176470588,0.048050338449804594,66.71288128179098,0.2978562389817377,0.002205031037103693,1.588235294117647,Mo1 Nb1 Ti1 V0.25 Zr1,1776.0
0.06315384434738688,1.2305115777389684,607.5813953488372,138.42093023255813,5.038942431894178,0.9728061021464287,2411.6046511627906,12.82528552396791,-1.3196322336398052,23.437983275675318,3215.6402615684337,4.767441860465117,-213.2210651677127,4.910762574364521,66.30611141157382,-68.54315582192721,4.005813953488372,0.04803317570893684,66.30622068826274,0.2961324524960222,0.002379473371165346,1.5888372093023255,Mo1 Nb1 Ti1 V0.3 Zr1,1455.0
0.06470689490711717,1.2309302219028102,603.3333333333333,134.34444444444443,5.116877456155032,0.9898478481189761,2401.444444444444,13.145213438928542,-1.4814814814814814,21.308062354167188,3139.543628008657,4.777777777777779,-218.91120495910224,5.037037037037036,64.69135802469135,-65.26521417031236,4.016666666666667,0.04957264957264958,64.69162393162392,0.2895249408220727,0.002985227960493749,1.591111111111111,Mo1 Nb1 Ti1 V0.5 Zr1,1640.0
0.06470689490711717,1.2309302219028102,603.3333333333333,134.34444444444443,5.116877456155032,0.9898478481189761,2401.444444444444,13.145213438928542,-1.4814814814814814,21.308062354167188,3139.543628008657,4.777777777777779,-218.91120495910224,5.037037037037036,64.69135802469135,-65.26521417031236,4.016666666666667,0.04957264957264958,64.69162393162392,0.2895249408220727,0.002985227960493749,1.591111111111111,Mo1 Nb1 Ti1 V0.5 Zr1,1647.0
0.0661536769990182,1.2314061461097163,598.5263157894736,129.7315789473684,5.178092022786307,1.0090448670621988,2389.9473684210525,13.332065209759664,-1.6398891966759002,19.4299311369756,3046.4177162065034,4.7894736842105265,-221.52975452850225,5.141274238227146,62.71468144044321,-62.10087199604203,4.028947368421052,0.05101333127841565,62.71519246602288,0.2818557419670183,0.003571823606509922,1.5936842105263156,Mo1 Nb1 Ti1 V0.75 Zr1,1680.0
0.0661536769990182,1.2314061461097163,598.5263157894736,129.7315789473684,5.178092022786307,1.0090448670621988,2389.9473684210525,13.332065209759664,-1.6398891966759002,19.4299311369756,3046.4177162065034,4.7894736842105265,-221.52975452850225,5.141274238227146,62.71468144044321,-62.10087199604203,4.028947368421052,0.05101333127841565,62.71519246602288,0.2818557419670183,0.003571823606509922,1.5936842105263156,Mo1 Nb1 Ti1 V0.75 Zr1,1708.0
0.03772693698453782,1.1062787615299137,592.0,148.22500000000002,3.1949999758780474,0.9100151572684432,2442.5,11.52565131835077,-1.25,22.521122676057402,8097.713058976555,5.0,-51.491967699503405,2.875,66.69375,-135.05694909240881,4.1875,0.03597122302158273,66.69397482014388,0.2489352325405145,0.0036027055891776362,1.6424999999999998,Mo1 Nb1 Ti1 V1,1200.0
0.06718443279779719,1.2318364849486345,594.2,125.58000000000001,5.210152763469173,1.0261770808390749,2379.6,13.380866803977112,-1.7600000000000005,18.091540140195413,2964.469166922941,4.8,-220.59175278351643,5.2,60.80000000000001,-59.655792582937956,4.04,0.051955307262569854,60.80078212290504,0.2747653544390195,0.004013135609168578,1.596,Mo1 Nb1 Ti1 V1.0 Zr1,1786.0
0.06837547000150822,1.2325843158677354,586.7272727272727,118.40909090909092,5.2170483611150775,1.0551991893417838,2361.727272727273,13.253901936467193,-1.9173553719008263,16.32566509690644,2834.9349869871135,4.818181818181818,-212.26490645727267,5.223140495867769,57.190082644628106,-56.15733127508219,4.059090909090909,0.054870960241804226,57.191414258840446,0.26205481730494345,0.0045903959847609106,1.5999999999999999,Mo1 Nb1 Ti1 V1.5 Zr1,1720.0
0.06880166106516428,1.233211922611886,580.5,112.43333333333332,5.177898342329155,1.0784755109388473,2346.833333333333,12.975746340770252,-2.0,15.225957018698823,2741.1607216901425,4.833333333333333,-199.66072143276983,5.166666666666666,53.88888888888888,-53.82291483456841,4.074999999999999,0.05660377358490566,53.89072327044024,0.250959270710519,0.0049007492022310785,1.603333333333333,Mo1 Nb1 Ti1 V2 Zr1,1520.0
0.06840541127385456,1.2342063726270949,570.7142857142857,103.04285714285714,5.036104099997278,1.1121008781604045,2323.428571428571,12.263784450108732,-2.040816326530612,13.962073320759789,2620.858608340994,4.857142857142856,-171.7225902621426,4.938775510204081,48.16326530612243,-51.060554727974754,4.1,0.057142857142857134,48.16588921282797,0.23243168845043136,0.005093738308067493,1.6085714285714285,Mo1 Nb1 Ti1 V3 Zr1,1418.0
0.059907040015533895,1.192236136029191,614.75,145.3,4.851721403258052,0.94400869461657,2428.75,11.52565131835077,-1.0,27.99292563944443,3211.5135098296096,4.75,-196.1923116966466,4.625,68.75,-75.44678588492678,3.9875,0.04794520547945205,68.75278253424658,0.3069507289452169,0.0011632023466343,1.585,Mo1 Nb1 Ti1 Zr1,1592.0
0.06321923095376585,1.2309372255472213,610.8695652173914,137.58478260869566,5.384766713042391,0.9465450805840413,2443.195652173913,12.723993743199626,-1.7202268431001893,18.07157370922552,3183.6478975179843,4.847826086956522,-243.50682390490593,4.87523629489603,64.22972589792062,-62.75580509195747,4.047826086956523,0.04855639609454755,64.22987953939426,0.3122287859003419,0.002234322584729516,1.6006521739130437,Mo1.3 Nb1 Ti1 V0.3 Zr1 ,1603.0
0.06647075756746415,1.2321351292541458,597.811320754717,125.58113207547173,5.474055010466241,0.9967023065262421,2408.8301886792456,13.330279516833517,-1.993592025631898,16.106795829253638,3017.0186799238995,4.867924528301887,-241.78687776525874,5.097899608401567,59.440014239943054,-56.137500223710894,4.074528301886793,0.05185687502493117,59.4408139196196,0.2915530894831747,0.00378779469759006,1.6058490566037738,Mo1.3 Nb1 Ti1 V1 Zr1,1496.0
0.06313236083378256,1.2311923282803954,612.8333333333334,137.08541666666665,5.580506120451167,0.9301550720223588,2462.0625,12.61363807598005,-1.9270833333333335,16.115320369526987,3164.7273876203035,4.895833333333333,-260.86514265925257,4.835069444444445,62.84006076388889,-59.856012877967345,4.072916666666667,0.048679390784653956,62.84023397335486,0.3198479863544556,0.0021469471630852304,1.6077083333333333,Mo1.5 Nb1 Ti1 V0.3 Zr1,1576.0
0.06596990071931505,1.2323165731787455,600.0,125.58181818181818,5.624833625876871,0.9784072919423504,2426.5454545454545,13.25390193646719,-2.1157024793388426,15.201190060039083,3045.454335948104,4.909090909090909,-253.83043089769603,5.024793388429751,58.49421487603306,-54.30760470135087,4.095454545454545,0.05194805194805194,58.4950160229381,0.2999338770104378,0.003651118775153721,1.6118181818181816,Mo1.5 Nb1 Ti1 V1 Zr1,1603.0
0.06545614221160047,1.2324855881811376,602.0350877192982,125.58245614035087,5.758188313888214,0.9610840982653881,2443.017543859649,13.154482518876147,-2.216066481994459,14.501654997771787,3070.244462334594,4.947368421052632,-264.3329443491111,4.949215143120959,57.53247152970144,-52.785828494345395,4.114912280701754,0.051904910204505356,57.5332683156037,0.3066343473274171,0.0035239625468029123,1.6173684210526313,Mo1.7 Nb1 Ti1 V1 Zr1,1645.0
0.0646712549950982,1.2327184636019235,604.8333333333333,125.58333333333331,5.929815155925546,0.9367423627388239,2465.6666666666665,12.975746340770252,-2.333333333333333,13.711656526096794,3102.4855638176823,5.0,-277.45693299032763,4.833333333333333,56.08055555555555,-50.948495779759405,4.141666666666667,0.05164319248826292,56.08133802816901,0.31425396665047134,0.003349010014324873,1.625,Mo2 Nb1 Ti1 V1 Zr1,1765.0
,,623.0,289.825,,0.9254345201453369,2541.0,11.52565131835077,-0.25,117.14671999971723,,4.75,,,141.71874999999997,,4.0375,,,0.050682837331783206,,1.6074999999999997,Nb1 Ta1 Ti1 V1,965.0
,,670.2,263.96000000000004,,0.929731535611584,2771.8,13.380866803977112,-1.2800000000000002,28.975848911924803,,5.0,,,129.68800000000002,,4.1899999999999995,,,0.3202249209540069,,1.6480000000000001,Nb1 Ta1 Ti1 V1 W1,1420.0
,,720.75,318.55,,0.7714029387426815,2979.5,11.52565131835077,-0.75,45.78757080403483,,5.25,,,134.4,,4.2875,,,0.3425912287260139,,1.6799999999999997,Nb1 Ta1 V1 W1,1530.0
0.014190910915786331,1.1063550601081085,420.832,89.70759999999999,1.615203804070434,0.1816600941033276,1896.3319999999999,12.190367574279604,-3.782976,6.1107932281010475,60533.56527580927,8.196,-2.0481608627664087,0.44212799999999997,7.880711999999999,-291.6353878388225,4.96232,0.004215645496720494,7.8809686859702435,0.10878149842689244,0.0029163441441406894,1.75048,Co24.4Cr24.4Fe24.4Ni24.4Mo2.4,260.0
0.03844217971828196,1.104851889133927,494.5,92.39999999999999,4.528488770813615,0.3345932855596893,2267.5,11.52565131835077,-3.0,8.711471454786789,7799.18940564725,6.25,-69.29073169464043,2.6875,16.874999999999996,-52.37369650389675,4.62,0.0367504835589942,16.877296905222433,0.21059439688652698,0.007352588094061148,1.7274999999999998,Cr25Fe25Mo25V25,900.0
0.0520230236647859,1.185502365074528,491.5555555555556,87.2,5.794786802660875,0.37441250697395534,2231.2222222222226,13.145213438928542,-5.333333333333334,5.499354813898418,4857.0934699260215,6.0,-147.79413884180227,3.6790123456790127,17.955555555555552,-36.37283724548846,4.528888888888889,0.04410517387616625,17.956969182923377,0.21717603942139999,0.007986569654468428,1.7044444444444444,Cr22.2Fe22.2Mo22.2Ti11.1V22.2,1520.0
0.061364417098635514,1.1839249069771347,487.27272727272737,79.63636363636365,6.263075552421645,0.4220323803205032,2178.4545454545455,13.253901936467193,-7.5371900826446305,3.8307409793192932,3519.7395368841544,5.636363636363637,-186.8048727497142,4.545454545454547,18.208264462809918,-30.262291636577928,4.3963636363636365,0.053468655238566754,18.21010413560695,0.21864345102857752,0.008368463653436674,1.670909090909091,Cr18.2Fe18.2Mo18.2Ti27.3V18.2,1105.0
0.06289266571125947,1.1833479909898406,485.6843156843157,76.83116883116884,6.201537271293148,0.43637748735613974,2158.884115884116,12.979576086333221,-7.995992019968044,3.5044307915412474,3281.410044550525,5.501498501498501,-181.00658316184897,4.6933286493726065,17.904582131155557,-29.54171615964137,4.347212787212787,0.05574406874323679,17.90623714458288,0.21679710889714668,0.008334264547800441,1.6584715284715283,Cr16.7Fe16.7Mo16.7Ti33.3V16.7,880.0
0.19377038069111227,1.893439669881707,469.74140715109576,,,,2177.4979215686276,14.784530609486772,-33.698713803181896,0.9553268074725586,393.7610511987634,6.461822376009228,,10.921035907137126,,,5.144489042675894,0.1565396917529925,,0.34198000994474537,0.043134415422835186,1.699222606689735,Al0.667 C1 Co0.667 Cr0.667 Fe0.667 Ni0.667,1255.0
0.06253725579080802,1.243796192535694,405.49999999999994,67.91666666666666,5.305243866253546,0.47347930150301815,1684.5783333333334,14.896688227162047,-27.333333333333336,0.9180965204597168,3809.009787213375,6.666666666666667,-115.29615589152316,3.6944444444444446,17.21944444444444,-31.55067112412762,4.796666666666667,0.04347826086956515,17.22065217391304,0.11908213785264163,0.0037605585704940173,1.648333333333333,Al1 Co1 Cr1 Fe1 Ni1 Si1,2411.0
0.0585805256719061,1.2425292386786313,399.2692307692307,74.33461538461538,5.522341093147763,0.40003251375035376,1684.2057692307692,14.22159653636338,-16.390532544378694,1.4613371999575542,4144.210670729294,7.0769230769230775,-128.44322032358716,3.232248520710058,15.508136094674553,-32.87439574040399,4.811538461538461,0.0452012670227277,15.508538486437837,0.12052952693803005,0.003793212782056056,1.6711538461538458,Al1 Co1 Cr1 Fe1 Ni1 Si0.2,1265.0
0.05990853262734981,1.2428795935750296,401.0,72.55185185185184,5.490506073569523,0.42126476471465363,1684.3092592592593,14.58502024404227,-19.835390946502052,1.2384774623187482,4063.7751627281796,6.962962962962962,-126.68086879429887,3.3882030178326468,16.100137174211245,-32.3134411414703,4.807407407407407,0.04484449606400827,16.100842163624453,0.12033332763357368,0.0038007327050964897,1.664814814814815,Al1 Co1 Cr1 Fe1 Ni1 Si0.4,1481.0
0.060980629172520985,1.2432060058793621,402.6071428571429,70.89642857142857,5.440343274034194,0.44037677757606203,1684.4053571428572,14.77811766176137,-22.755102040816325,1.0939234864035499,3974.068221269602,6.857142857142858,-123.63511038228829,3.5140306122448974,16.569515306122447,-31.93285932914682,4.803571428571429,0.044429734825691035,16.570444805976308,0.12001009736429576,0.00379619184324595,1.6589285714285715,Al1 Co1 Cr1 Fe1 Ni1 Si0.6,1834.0
0.06184455761569502,1.2435108489670867,404.1034482758621,69.3551724137931,5.3772776561370685,0.45769718461632025,1684.4948275862068,14.870722517651311,-25.231866825208087,0.9927785104837079,3888.0254169012683,6.7586206896551735,-119.73462660468225,3.6147443519619507,16.936979785969086,-31.688724299476487,4.800000000000001,0.043970673716975134,16.93807250618939,0.11958608757898827,0.0037821288641818247,1.653448275862069,Al1 Co1 Cr1 Fe1 Ni1 Si0.8,2179.0
0.060889531517019084,1.168024178232137,403.47619047619037,77.24285714285713,5.979931895271436,0.4268611296346647,1721.8261904761903,12.568476876778147,-12.653061224489797,1.7103159683559985,3389.981945640873,6.7142857142857135,-163.48411128256188,3.696145124716554,17.829931972789115,-31.021652009418467,4.7404761904761905,0.05407675749461853,17.830013225429827,0.14744229049001956,0.00566800530675176,1.6652380952380952,Al1 Cr1 Fe1 Mo0.2 Ni1,1487.0
0.05991446895152783,1.1677810386177738,420.4444444444444,80.46666666666667,6.140567351209918,0.4232976372656949,1800.1044444444444,13.145213438928542,-11.85185185185185,1.9965451332307032,3661.880886558663,6.666666666666667,-176.96667816233176,3.82716049382716,18.54074074074074,-31.306531427013596,4.734444444444444,0.0547008547008547,18.540835707502374,0.17222580641431684,0.00754827958043329,1.672222222222222,Al1 Cr1 Fe1 Mo0.5 Ni1,1749.0
0.058907985270587236,1.1675689826136102,435.29166666666674,83.2875,6.257991635245385,0.4171359340676818,1868.5979166666668,13.350675322473435,-11.145833333333336,2.2382394700860053,3847.289748047001,6.625,-187.23642918829384,3.8975694444444455,18.940104166666668,-31.680347089830644,4.729166666666668,0.05472994566954299,18.940137457387877,0.1884029185607862,0.009014655463634471,1.6783333333333332,Al1 Cr1 Fe1 Mo0.8 Ni1,1513.0
0.03891450572081021,1.1700387250180866,414.3846153846155,75.84615384615385,3.8285886782243277,0.19307105937997232,1704.7284615384615,10.685926202534507,-6.059171597633137,3.0064510043709674,7056.496549242543,8.538461538461538,-40.31206927351113,1.4911242603550299,4.9704142011834325,-53.62826658400328,5.0092307692307685,0.02065049044914819,4.971598355181216,0.07699996157687501,0.0019557279431344863,1.7284615384615385,Al0.25 Co1 Fe1 Ni1,158.0
0.05051751934871784,1.1693353403298676,408.1428571428571,72.28571428571428,4.741430030301088,0.2639061499229028,1649.6385714285716,11.238732128524116,-9.46938775510204,1.9578716694939196,4403.857799074459,8.142857142857142,-78.44263929368066,2.4081632653061225,7.591836734693876,-38.640687491299765,4.951428571428571,0.035273368606701896,7.593623307909021,0.09707981147446855,0.0028970878078432116,1.7042857142857142,Al0.5 Co1 Fe1 Ni1,346.0
0.057237230216475074,1.1687313554975265,402.73333333333335,69.2,5.147534904134992,0.314272305643195,1601.894,11.467435803685827,-11.946666666666667,1.5376353188596124,3500.3308731493676,7.799999999999999,-100.98939181893874,3.075555555555556,9.493333333333332,-33.369218873123536,4.9013333333333335,0.045714285714285756,9.49545743145743,0.1093902290984995,0.003607838867683615,1.6833333333333331,Al0.75 Co1 Fe1 Ni1,794.0
0.06150140462508568,1.1682070885026152,398.0,66.5,5.319871500069912,0.3535433968574059,1560.1175,11.52565131835077,-13.75,1.307736023320517,3047.161043749414,7.5,-111.65694892386412,3.5625,10.875,-30.787952835598826,4.8575,0.05319148936170212,10.877296905222437,0.1175531794550874,0.00414559785841761,1.665,Al1 Co1 Fe1 Ni1,964.0
0.0037813196854895215,1.0086861872723099,421.66666666666663,80.0,0.39199680739574705,0.035355339059327355,1769.0,9.133862567986663,-1.3333333333333333,12.118352162076306,91338.62567986663,9.0,0.25602211535597186,0.2222222222222222,1.3333333333333333,263.15651290361467,5.076666666666666,0.003565062388591826,1.3334818775995245,0.03299831645537215,0.0007024830072448404,1.7566666666666666,Co1 Fe1 Ni1,204.0
0.0037813196854895215,1.0086861872723099,421.66666666666663,80.0,0.39199680739574705,0.035355339059327355,1769.0,9.133862567986663,-1.3333333333333333,12.118352162076306,91338.62567986663,9.0,0.25602211535597186,0.2222222222222222,1.3333333333333333,263.15651290361467,5.076666666666666,0.003565062388591826,1.3334818775995245,0.03299831645537215,0.0007024830072448404,1.7566666666666666,Co1 Fe1 Ni1,209.0
0.016864811542139417,1.0730499202119508,423.5384615384616,75.86153846153847,1.6443191253585931,0.19234163624400435,1762.6923076923078,10.685926202534507,-11.834319526627223,1.5916419930520083,37570.69125681354,8.615384615384617,-2.1798069211661053,0.7337278106508878,4.956213017751479,-235.478151977308,5.047692307692309,0.009156373694501403,4.956799964783178,0.03249032627991205,0.0006920415224913518,1.736923076923077,Co1 Fe1 Ni1 Si0.25,196.0
0.021995719757734643,1.0731780939490603,425.14285714285717,72.31428571428572,2.028319586231102,0.262843279956806,1757.2857142857142,11.238732128524116,-19.428571428571427,1.0165267934777587,23229.558969240166,8.285714285714285,-4.953271027516559,1.1020408163265305,7.5673469387755095,-140.64554771211755,5.022857142857142,0.015194054500412894,7.568196295859384,0.031943828249996926,0.0006770528354578644,1.72,Co1 Fe1 Ni1 Si0.5,476.0
0.02513954903355476,1.0732896190901542,426.5333333333333,69.24,2.2030624803071825,0.31294322161310734,1752.6000000000001,11.467435803685827,-24.96,0.8052014418886131,18144.765170508344,7.999999999999999,-6.70761512029791,1.368888888888889,9.461333333333334,-115.10624116932095,5.001333333333334,0.01992420140768804,9.462257354268184,0.031382939455839455,0.0006595995576587209,1.7053333333333334,Co1 Fe1 Ni1 Si0.75,1301.0
0.049823394745682564,1.1690876298045028,372.1428571428571,174.94285714285715,4.597275809462339,1.4546407424132868,1613.8914285714286,16.17829697924587,-5.632653061224489,4.6354736462344555,6517.27689743172,7.7142857142857135,-175.5011533944882,2.6530612244897944,99.87755102040816,-97.26407782393795,4.711428571428571,0.03483541067433678,99.87806464867826,0.1403784971032942,0.003441752070714021,1.6385714285714283,Al1 Co1 Cr1 Cu1 Fe1 Mn1 Ni1,1005.0
0.05201294647922279,1.1687313554975265,387.16666666666663,71.6,4.77132095702737,0.3936970575929022,1629.7066666666665,14.896688227162047,-4.777777777777777,5.081281140361571,5506.388061025179,7.833333333333332,-81.05749920614586,2.888888888888889,15.377777777777776,-37.970780432560446,4.754999999999999,0.03809523809523815,15.378607503607503,0.11908213785264163,0.003877150679194268,1.643333333333333,Al1 Co1 Cr1 Cu1 Fe1 Ni1,1303.0
0.06500665511677838,1.1856814548180812,398.7142857142856,67.88571428571429,5.669508992684743,0.4071267633645546,1674.1771428571428,16.17829697924587,-13.795918367346939,1.963286117806807,3828.3987248301646,7.285714285714285,-137.43624809996714,4.163265306122448,15.281632653061223,-29.076168133336548,4.618571428571428,0.05807962529273999,15.282301773168282,0.14257114228428164,0.008580366262804852,1.6257142857142854,Al1 Co1 Cr1 Cu1 Fe1 Ni1 Ti1,1234.0
0.04898164530903447,1.1684312953171114,404.9999999999999,68.04285714285714,4.29778950697271,0.40435958289775653,1708.7485714285715,16.17829697924587,-7.755102040816325,3.564703817684854,6743.200376794227,7.428571428571428,-58.228223626726525,3.020408163265305,15.191836734693876,-41.26573694227005,4.682857142857142,0.0383275261324041,15.19189329833929,0.12499795916701345,0.005219193647067643,1.6428571428571426,Al1 Co1 Cr1 Cu1 Fe1 Ni1 V1,1469.0
0.06833610664875563,1.1836472778183167,393.6258717660292,53.27259842519685,4.797588253521095,0.3813246770959978,1535.5807716535433,13.299162925480315,-19.952423989745935,1.0235317211558164,2847.8941453520392,6.975253093363329,-80.15107583537021,4.87122462897987,11.153135133698838,-28.056016012690634,4.469552305961755,0.06716390251848109,11.153471293147952,0.1577613455803579,0.012109330155266457,1.5642677165354328,Al1 Cu0.889 Fe0.667 Ni0.889 Ti1,980.0
0.06833610664875563,1.1836472778183167,393.6258717660292,53.27259842519685,4.797588253521095,0.3813246770959978,1535.5807716535433,13.299162925480315,-19.952423989745935,1.0235317211558164,2847.8941453520392,6.975253093363329,-80.15107583537021,4.87122462897987,11.153135133698838,-28.056016012690634,4.469552305961755,0.06716390251848109,11.153471293147952,0.1577613455803579,0.012109330155266457,1.5642677165354328,Al1 Cu0.889 Fe0.667 Ni0.889 Ti1,980.0
0.06841692129971327,1.1842602246295815,394.4000000000001,55.58,5.001276947009041,0.37244638431918387,1554.2480000000003,13.380866803977112,-17.6,1.1816582652470353,2858.6250349704214,7.2,-91.31126320703267,4.800000000000001,11.392000000000003,-27.781131241888225,4.516,0.06616541353383458,11.392601503759401,0.15354478174135383,0.011204597606102578,1.58,Al1 Cu1 Fe1 Ni1 Ti1,1074.0
0.06537796371100701,1.1730395644650875,389.75,48.975,4.249567641215456,0.3638358937953069,1490.06,11.52565131835077,-23.25,0.7386628818676021,2696.5141115157635,7.0,-54.62040950678192,4.6875,9.543750000000001,-30.142471496104374,4.4125000000000005,0.06469500924214416,9.54386552680222,0.16688319268278629,0.013878743608473328,1.5324999999999998,Al1 Cu1 Ni1 Ti1,300.0
,,599.0263231587791,210.93225987118458,,1.1730486865953285,2316.4193727247275,13.462366769230638,-4.857779864415429,6.419493689989203,,4.339960795295436,,,121.28682003139734,,3.840898907868944,,,0.10661248491838148,,1.5299803976477178,Al0.214 Nb0.714 Ta0.571 Ti1 V0.143 Zr0.929,1965.0
,,609.8384206104733,236.77317278073374,,1.1073423841199654,2360.748972276673,12.629885520214001,-4.402675305074694,6.772243510088099,,4.339960795295436,,,132.5718454010617,,3.832889946793615,,,0.10319658631616282,,1.5295799495939513,Al0.214 Nb0.714 Ta0.714 Ti1 Zr0.929,1965.0
,,617.2800000000001,238.32,,1.0957419591165705,2397.1976,14.499950603880103,-7.001599999999998,4.964471947517701,,4.319999999999999,,,132.67520000000005,,3.8379999999999996,,,0.11583850827768805,,1.5252000000000001,Al0.4 Hf0.6 Nb1 Ta1 Ti1 Zr1,1841.0
,,585.3297329732973,210.85361536153613,,1.174068112351059,2265.0406570657065,13.775844964249961,-8.609016437197276,3.624438303386297,,4.3000300030003,,,121.52978394149045,,3.877887788778878,,,0.09973567105777265,,1.5313921392139214,Al0.333 Nb0.667 Ta0.533 Ti1 V0.133 Zr0.667,2035.0
,,569.6,178.08,,1.2131527462899188,2169.094,14.533431935812189,-16.160000000000004,1.9507660898130321,,4.3,,,104.08800000000002,,3.97,,,0.2176143377629333,,1.532,Al1 Mo0.5 Nb1 Ta0.5 Ti1 Zr1,2000.0
,,563.2505250525052,204.03030303030306,,1.0881199606133476,2135.559102910291,12.509569097701705,-15.127102629254825,1.7660304696034284,,4.1998199819982,,,111.22599190612128,,3.9450645064506453,,,0.08109946820403546,,1.52998799879988,Al0.667 Nb1 Ta0.333 Ti1 Zr0.333,1280.0
,,605.5882352941177,274.3058823529412,,0.975218196120493,2446.4394117647057,12.707663913447359,-4.8166089965397925,6.454443333816685,,4.647058823529412,,,140.14256055363322,,4.047058823529412,,,0.05017616026384968,,1.5947058823529412,Al0.25 Nb1 Ta1 Ti1 V1,1330.0
,,590.1111111111111,260.5111111111111,,1.02153149440662,2362.3855555555556,13.14521343892854,-8.39506172839506,3.6990868390858593,,4.555555555555555,,,138.03209876543207,,4.055555555555555,,,0.04961580791503578,,1.583333333333333,Al0.5 Nb1 Ta1 Ti1 V1,1014.0
,,563.8000000000001,237.06000000000003,,1.1055564207736719,2219.494,13.380866803977112,-13.440000000000003,2.209728689451367,,4.4,,,132.91200000000003,,4.07,,,0.04841487374764081,,1.564,Al1 Nb1 Ta1 Ti1 V1,993.0
,,623.0,289.825,,0.9254345201453369,2541.0,11.52565131835077,-0.25,117.14671999971723,,4.75,,,141.71874999999997,,4.0375,,,0.050682837331783206,,1.6074999999999997,Nb1 Ta1 Ti1 V1,1092.0
,,610.125,136.60000000000002,,1.0271544742934218,2380.0,12.966357733144617,0.25,123.43972561953674,,4.5,,,67.6625,,3.85625,,,0.2589884167293974,,1.545,Hf0.5 Mo0.5 Nb1 Ti1 Zr1,1176.0
,,616.0,127.44,,1.0026514030279252,2444.2000000000003,13.380866803977112,-0.6400000000000001,51.10236662856384,,4.6,,,60.80000000000001,,3.9100000000000006,,,0.3095545186231337,,1.558,Hf1 Mo1 Nb1 Ti1 Zr1,1719.0
,,567.5555555555554,119.2,,1.1490913088603856,2271.8888888888887,13.14521343892854,-24.98765432098765,1.1951687809644005,,4.444444444444445,,,59.59259259259259,,4.011111111111111,,,0.17146428199482242,,1.5555555555555554,Hf1 Nb1 Si0.5 Ti1 V1,1399.0
0.053675842976687135,1.1869411729755166,406.0153846153846,159.28000000000003,4.883180459359103,1.5020862723497828,1797.4712307692312,17.68335535327119,-8.84639053254438,3.5930272797748635,6137.717945288662,7.430769230769231,-195.3169187403738,3.1962130177514796,88.33155029585798,-82.0358475054174,4.597538461538462,0.04080499397817431,88.3327008287701,0.14832428888943378,0.007793297454668052,1.650923076923077,Al0.125 Co1 Cr1 Cu1 Fe1 Mn1 Ni1 Ti1 V1,1862.0
0.05487145719393651,1.1868033312372035,404.81818181818187,157.26060606060605,4.945414787460788,1.5133504224631895,1784.380303030303,17.89357470884369,-9.520661157024794,3.3536475812610123,5942.978012969303,7.363636363636364,-202.41433484526763,3.3204775022956845,87.66391184573004,-79.7181612237109,4.591515151515152,0.04255955560303385,87.66500125709614,0.14799300110024,0.007784313068700817,1.646969696969697,Al0.25 Co1 Cr1 Cu1 Fe1 Mn1 Ni1 Ti1 V1,1465.0
0.05809576675961115,1.18637381397736,401.0740740740741,150.94519441559942,5.081921667239575,1.5494866121905964,1743.4400011538019,18.213382183974918,-11.468845574794768,2.7687127574225876,5396.368826602019,7.153686396677052,-217.70543318015692,3.674806074569994,85.44275975007433,-73.95790841703096,4.572677973924081,0.04752687882545704,85.44367221797893,0.14679313560552307,0.007737606526382848,1.634605976693204,Al0.667 Co1 Cr1 Cu1 Fe1 Mn1 Ni1 Ti1 V1,1461.0
0.05234873170067591,1.1870835776424415,407.25,161.3625,4.808231006707082,1.4906123965608227,1810.97125,17.288476977526155,-8.125,3.853407355395294,6308.765833638814,7.5,-186.84261786448354,3.0625,88.9984375,-84.744071310699,4.60375,0.038910505836575876,88.99965345330739,0.14863966496194747,0.007799579206600233,1.6550000000000002,Co1 Cr1 Cu1 Fe1 Mn1 Ni1 Ti1 V1,1312.0
0.0411207061312672,1.16950096482644,392.6363636363636,75.74545454545454,3.9842225995185987,0.33932831275558073,1693.0009090909093,14.697168880613484,-1.520661157024794,16.36283018146136,8691.856685431881,8.272727272727273,-46.328238205335545,1.9834710743801653,13.778512396694216,-50.76394405542901,4.805454545454546,0.025769506084466712,13.77916314179736,0.1093255053301949,0.003047997725535807,1.6663636363636363,Al0.5 Co1 Cr1 Cu1 Fe1 Ni1,388.0
0.06158999307561687,1.1675387413683327,378.57142857142856,65.08571428571429,5.150683135209445,0.4699845555625532,1530.2442857142858,14.531775362338621,-8.653061224489793,2.5698611893056937,3830.8783861509296,7.142857142857142,-102.33843355148562,3.918367346938774,16.881632653061224,-31.361446858520573,4.675714285714285,0.05507745266781407,16.882560296846012,0.12844438167422292,0.004855531604502801,1.607142857142857,Al1 Co0.5 Cr0.5 Cu0.5 Fe0.5 Ni0.5,1620.0
0.05201294647922279,1.1687313554975265,387.16666666666663,71.6,4.77132095702737,0.3936970575929022,1629.7066666666665,14.896688227162047,-4.777777777777777,5.081281140361571,5506.388061025179,7.833333333333332,-81.05749920614586,2.888888888888889,15.377777777777776,-37.970780432560446,4.754999999999999,0.03809523809523815,15.378607503607503,0.11908213785264163,0.003877150679194268,1.643333333333333,Al1 Co1 Cr1 Cu1 Fe1 Ni1,948.0
,,563.4,125.38000000000001,,1.019891084538319,2301.0,13.380866803977112,-4.640000000000001,6.6356410594722695,,4.6,,,59.976000000000006,,3.9100000000000006,,,0.14499655168313486,,1.55,Cr1 Hf1 Nb1 Ti1 Zr1,1375.0
,,586.8000000000001,111.66000000000001,,1.1807105241157194,2301.6,13.380866803977112,-0.4800000000000001,64.16125632507024,,4.4,,,55.23200000000001,,3.83,,,0.13813037319865604,,1.532,Hf1 Nb1 Ti1 V1 Zr1,1170.0
,,674.4966195451753,344.95291948371244,,0.7787419340155474,2673.234787953288,12.446203507885373,1.7551090256651642,18.957012760284734,,4.614628149969269,,,146.42726334832946,,3.8929317762753537,,,0.10123264696044004,,1.5710264290104488,Hf0.26 Nb1 Ta1 Ti0.578 Zr0.416,845.0
,,590.1860465116279,132.7,,1.023395923858471,2382.0,14.165477537729629,-16.149269875608436,2.0893927561292127,,4.5813953488372094,,,64.0757166035695,,4.025581395348837,,,0.25413082657285496,,1.5732558139534885,Hf1 Mo0.5 Nb1 Si0.3 Ti1 V0.5,1617.0
,,583.7777777777777,127.96666666666665,,1.05148078588319,2351.1111111111113,14.425841363189738,-24.246913580246915,1.39880714318017,,4.555555555555555,,,63.02962962962963,,4.055555555555555,,,0.25571009819908885,,1.57,Hf1 Mo0.5 Nb1 Si0.5 Ti1 V0.5,1787.0
,,577.9148936170213,123.63617021276596,,1.077785560018953,2322.8510638297876,14.534222462977702,-30.937075599818918,1.0912742544503515,,4.531914893617021,,,61.92575826165686,,4.082978723404255,,,0.2565634572678877,,1.5670212765957445,Hf1 Mo0.5 Nb1 Si0.7 Ti1 V0.5,2134.0
,,574.0,103.89090909090909,,1.2328420900401837,2245.727272727273,14.697168880613486,-22.280991735537192,1.4813448781289853,,4.363636363636364,,,52.70909090909091,,3.9090909090909087,,,0.17867279295446395,,1.529090909090909,Hf1 Nb1 Si0.5 Ti1 V1 Zr1,1540.0
,,591.7619047619048,217.88095238095238,,1.2259270965237836,2499.212857142857,12.568476876778147,-4.5351473922902485,6.926191430634837,,4.904761904761905,,,123.54195011337868,,4.188095238095238,,,0.2598927041820814,,1.628095238095238,Al0.2 Mo1 Ta1 Ti1 V1,1021.0
,,568.7391304347827,201.19565217391303,,1.2967106540722686,2363.061304347826,13.241589181517465,-9.073724007561436,3.4484944634462273,,4.739130434782609,,,118.22495274102081,,4.1891304347826095,,,0.2497106075512803,,1.607391304347826,Al0.6 Mo1 Ta1 Ti1 V1,962.0
,,605.0,227.47500000000002,,1.1875949324868755,2577.5,11.52565131835077,-1.5,19.804910848699404,,5.0,,,126.13124999999998,,4.1875,,,0.26545950726994133,,1.64,Mo1 Ta1 Ti1 V1,1221.0
,,684.0,289.5,,0.9278470072731027,2668.5,11.52565131835077,1.75,17.57497173886802,,4.5,,,143.125,,3.7874999999999996,,,0.12316147936753602,,1.5325,Hf1 Nb1 Ta1 Zr1,1315.0
